CustomerID,CustomerName,Email,City,Country,CustomerSegment,SignupDate
1,Donald Walker,rhodespatricia@example.org,Johnsonland,India,Regular,01-06-2025
2,Alyssa Gonzalez,lrobinson@example.com,Port Lindachester,Australia,Premium,26-02-2024
3,Tyler Rogers,jamesmichael@example.com,Lindsaymouth,Canada,Premium,08-07-2024
4,Jamie Arnold,barbara10@example.net,Port Keith,India,Regular,08-02-2025
5,Brian Ramirez,francisco53@example.net,Jacquelineland,UAE,VIP,27-09-2023
6,Nicholas Martin,onelson@example.net,Lake Mark,USA,Regular,28-04-2025
7,Rodney Trujillo,nadams@example.net,Jasonfort,India,Premium,20-10-2025
8,Judy Baker,julieryan@example.net,Hurstfurt,Canada,Regular,07-09-2024
9,Brenda Snyder PhD,hernandezernest@example.net,Carlsonfurt,Japan,Premium,01-08-2024
10,Kendra Maddox DVM,frazierdanny@example.net,Kaylamouth,Japan,VIP,22-08-2024
11,Jesse Mckay,teresa28@example.org,Meaganhaven,Canada,VIP,01-11-2023
12,Phillip Ryan,georgetracy@example.org,Natashaport,UAE,New,28-04-2025
13,Keith Miller,wcabrera@example.net,East Donna,USA,Premium,20-03-2024
14,Joseph Obrien,sarahcampos@example.net,Lake Larry,France,New,03-05-2026
15,Jessica Holmes,wrightcaleb@example.org,New Jeffrey,Australia,Premium,25-06-2026
16,Crystal Whitehead,chad34@example.net,Lewisberg,Canada,New,17-09-2023
17,Laura Sanchez,maguirre@example.org,Lake Ryanchester,India,Regular,01-09-2025
18,Amy Valdez,brownjessica@example.org,East James,France,Regular,24-09-2024
19,Donald Wright,ramosmichelle@example.net,North Deniseside,Germany,New,04-11-2024
20,Tammy Allison,richardolson@example.com,East Nicholasfurt,UAE,New,02-01-2026
21,Jordan Henderson,smoore@example.org,New Jillton,USA,VIP,17-04-2024
22,Kevin Shaw,brianromero@example.org,New Carlosbury,Japan,Regular,28-09-2025
23,Laura Riley,harveyrobert@example.net,Sarahborough,France,Regular,16-09-2024
24,Derek Anderson,stephen10@example.com,North Amandahaven,Japan,New,04-07-2025
25,Shirley Suarez,justin78@example.net,Cherylhaven,UAE,New,17-04-2024
26,Elizabeth Alvarado,josephpreston@example.net,West Juan,UAE,Premium,10-07-2023
27,Michael Farrell,dking@example.org,Calderonton,India,Regular,17-02-2024
28,Mandy Green,barnold@example.net,North Charlesberg,Canada,New,05-07-2023
29,Lauren Hernandez,bobbydiaz@example.org,Jasonbury,India,Premium,18-02-2025
30,Justin Baxter,sarayoung@example.org,South Angel,India,VIP,01-07-2025
31,Timothy Pham,josephcobb@example.org,Brennanfort,Australia,VIP,15-09-2025
32,Julia Torres,jeffreykeller@example.com,Joshualand,Germany,Premium,01-03-2024
33,Martin Ross,sheila14@example.org,Benjaminchester,Germany,New,25-05-2026
34,Jessica Joyce,cruzbarbara@example.com,Lake Ryanhaven,Canada,New,14-07-2024
35,Michelle Harmon,michaeljones@example.net,Cindyville,India,Premium,10-04-2026
36,Eric Ortiz,jterry@example.org,South Elizabeth,Japan,Premium,28-08-2025
37,Carrie Carroll,akelley@example.com,Jasonshire,UK,VIP,20-08-2024
38,Jeremy Lowe,yleon@example.net,Lake Christopher,France,New,26-04-2025
39,Frances Cardenas,emilywalker@example.org,North Brandon,Japan,Premium,16-01-2025
40,Patricia Gibson,jennifercruz@example.com,East Diana,Germany,Regular,13-06-2026
41,Patricia Rodriguez,zrobinson@example.net,Williamsbury,Canada,Regular,08-07-2023
42,Casey Marshall,stephanie79@example.net,Rivasside,Germany,VIP,01-04-2026
43,Scott Cole,maryramirez@example.net,Simsview,Australia,Regular,01-11-2024
44,Cynthia Rogers,taylorjesse@example.net,Lake Jason,Canada,New,25-10-2024
45,John Brown,xprice@example.net,Port Nicoleshire,Canada,VIP,28-09-2024
46,Guy Molina,vmedina@example.net,South Jeffrey,France,VIP,21-08-2024
47,George Shelton,dramsey@example.org,South Brittanytown,UK,New,21-10-2024
48,Sean White,nicholas37@example.com,Kathleenfurt,UK,Premium,01-10-2023
49,Jennifer Conley,ismith@example.org,Jeffreyland,Japan,New,01-05-2024
50,Nicole Herring,maryhowell@example.org,South Elizabeth,UAE,VIP,03-11-2025
51,Michael Wang,catherinestuart@example.net,Port Loriport,UAE,VIP,10-03-2025
52,Eric Byrd,tsanders@example.org,New Hannahbury,Germany,Premium,28-10-2023
53,Sarah Burke,hoganashlee@example.org,Amandastad,UK,VIP,21-10-2023
54,Alexandria Fisher,xgarcia@example.net,Zimmermanchester,India,Regular,15-09-2023
55,Marie Gilbert,umarshall@example.net,Marcusbury,India,Premium,10-01-2024
56,Stephen Sanchez,qhudson@example.com,Anthonymouth,UK,VIP,27-12-2025
57,Robert Peterson,angela83@example.org,Lake Richard,UAE,Regular,17-01-2024
58,John Joseph,fmcguire@example.com,South Heather,France,VIP,28-02-2025
59,Kara Schmidt,jbarajas@example.com,Jacquelineview,UAE,VIP,01-06-2024
60,Nathan Stewart,jamesrodgers@example.com,Tinaborough,Japan,New,01-06-2024
61,Eric Erickson,joshuamccann@example.net,Heidiberg,Japan,Regular,21-05-2024
62,Ashley Smith,taylor75@example.org,West Shelleyfort,India,New,30-05-2025
63,John Ray,hernandezlisa@example.com,East Davidchester,Germany,Regular,03-11-2023
64,Courtney Mills,tkerr@example.net,Torreston,Australia,VIP,25-04-2025
65,Theresa Clark,josephmiller@example.org,New Charles,UK,VIP,29-04-2025
66,Kirk Carter,keithcampbell@example.com,Lake Jesusview,USA,New,04-07-2023
67,Mary Peck,owilson@example.net,West Margaret,Japan,Premium,10-11-2025
68,Eric Curry,scott74@example.net,Benderhaven,Japan,Regular,18-09-2023
69,Kyle Preston,cassandra01@example.org,Port Emilyview,Australia,Premium,12-02-2025
70,Casey Stone,lmoon@example.net,Waltersfort,UK,New,23-03-2025
71,Jason Morris,hodgemark@example.net,Robertsfurt,UK,Regular,28-05-2026
72,Jordan Edwards,darrell68@example.org,Gutierrezborough,UAE,New,08-12-2025
73,Kathleen Ramos,harrisandrea@example.com,Gilmorefort,Brazil,Regular,19-01-2025
74,Lisa Allen,lancesmith@example.com,East Victoriaville,India,New,11-11-2023
75,Ronnie Jimenez,william46@example.com,Sanchezside,Australia,Premium,18-11-2024
76,Kyle Francis,michellehill@example.com,Sarahhaven,USA,Premium,07-12-2023
77,Nicholas Monroe,cgrimes@example.net,Reedside,UAE,Regular,19-04-2024
78,Timothy Kane,ashleyhall@example.com,West Juliefurt,India,VIP,14-10-2025
79,Samantha Pollard,ihanna@example.net,Mollymouth,India,Premium,27-08-2024
80,Alexis Thomas,charlesharrington@example.com,Cindyfurt,UK,VIP,19-10-2023
81,Sarah Villarreal,ofinley@example.net,Brennanton,Japan,Premium,12-06-2025
82,Michael Mitchell,juliehamilton@example.org,South Garrettport,Australia,VIP,08-05-2025
83,Robert Carter,ryan38@example.com,East Gregory,Canada,Premium,17-03-2026
84,Michael Jimenez,jesselittle@example.com,Elizabethmouth,Australia,VIP,29-04-2025
85,Brooke Alexander,vanessa46@example.net,Stephenport,Germany,VIP,14-03-2026
86,John Young,bailey40@example.net,Hillshire,Japan,VIP,05-02-2024
87,Valerie Lozano,swall@example.org,Jefferyborough,India,Premium,03-02-2026
88,Michelle Hopkins,courtneyberger@example.net,West Kristinaton,Canada,Regular,11-05-2025
89,Ann Phillips,ithompson@example.net,Alyssaview,Germany,Regular,27-03-2025
90,Roger Olson,julie51@example.com,East Karenbury,UAE,Premium,27-12-2025
91,Veronica Coffey,christopher60@example.com,South Miguelview,UAE,Premium,28-01-2026
92,Teresa Rodriguez,thomasharvey@example.net,Rosebury,USA,Regular,02-04-2025
93,Julie Haynes,cwilson@example.org,Wendyville,USA,Premium,10-06-2025
94,Brandy Chavez,umatthews@example.org,Penafort,India,Regular,16-10-2023
95,Diana Vaughn,scottsampson@example.com,Lake Michaelstad,Germany,Regular,06-05-2025
96,Walter Rush,ndavis@example.net,North Kristinbury,Japan,Premium,06-09-2023
97,Christine Gallegos,brendali@example.org,Kimtown,Australia,VIP,18-06-2026
98,Dr. Kimberly Lindsey,guerreroanthony@example.org,Kristybury,Canada,Premium,30-04-2024
99,Derek Martinez,vfox@example.org,Weststad,UAE,VIP,06-04-2025
100,Jonathan Dougherty,acostaregina@example.net,Stephentown,Canada,VIP,13-01-2025
101,James Parks,cjoseph@example.org,West Charleneland,France,Premium,06-09-2023
102,Lauren Joseph,hvang@example.com,Wagnerchester,India,Regular,17-11-2023
103,Sarah Curtis,russellbeasley@example.com,Mariafurt,France,New,18-10-2023
104,Jeffery Ortega,stephanie71@example.org,North Ryanstad,France,VIP,29-09-2024
105,Laurie Hoffman,elizabeth65@example.net,Parrishton,Brazil,Regular,06-12-2025
106,Heather Lane,ericolson@example.org,Meganstad,India,Regular,27-05-2026
107,Darrell Patterson,lynchdiane@example.net,Anthonyview,France,New,04-11-2023
108,Gerald Smith,ashleymorales@example.org,North Julieborough,India,Premium,09-08-2025
109,Christopher Collins,kimberly99@example.org,East Ericton,Canada,Premium,16-08-2024
110,Matthew Tucker,nperry@example.net,West Russellport,Japan,VIP,08-07-2025
111,Kelsey Parker,randallgreene@example.org,West Sierra,UK,VIP,13-07-2025
112,Donna Wilson,lburgess@example.org,Patelbury,UK,New,19-10-2025
113,Renee Jones,grahamsteve@example.org,Barbarashire,Brazil,Premium,30-12-2024
114,Donna Sullivan,george97@example.net,Christopherville,India,VIP,16-09-2024
115,Kelly Foster,julie35@example.org,New Cynthiahaven,Japan,Regular,24-03-2024
116,Hannah Luna,joelthomas@example.org,New Eric,USA,Regular,10-01-2025
117,Trevor Burton,wwebster@example.net,Maldonadoshire,India,Premium,10-10-2025
118,Mrs. Tricia Stewart,cjones@example.net,Laurashire,UK,VIP,05-06-2025
119,Emily Hayes,woodjustin@example.net,New Brookefurt,Brazil,VIP,01-09-2023
120,Rebecca Huang,kstout@example.net,West Cassidy,Canada,VIP,19-11-2024
121,Joanna Shepherd,toni18@example.net,North John,USA,Premium,31-12-2024
122,Joseph Moore,samantha66@example.com,Port Crystalmouth,France,Regular,23-10-2024
123,Michael Mitchell,mathewaguilar@example.org,Kylefurt,France,New,12-09-2023
124,Angela Hansen,lisa81@example.net,Romerotown,Brazil,New,20-11-2023
125,Daniel Meza,ilee@example.org,West Meganville,France,VIP,02-08-2024
126,Nancy Rose,nancy92@example.net,Mooreburgh,UK,Premium,07-01-2025
127,Rhonda Martin,xwilliams@example.net,South Cheryl,Australia,Premium,28-12-2025
128,Cynthia Allen,mmckee@example.com,Murrayport,USA,Regular,02-10-2025
129,Jennifer Martin,laurietaylor@example.com,Lake Timothystad,Germany,Regular,31-10-2025
130,Ryan Rosales,christopher24@example.com,Port Samuel,USA,VIP,28-02-2025
131,Jerry Bailey,perryrandy@example.com,South Virginia,Japan,Premium,03-05-2026
132,Timothy Combs,lacey20@example.com,Hortonberg,USA,Regular,15-08-2024
133,Luis Bullock,scottmary@example.net,Rodriguezport,UK,Regular,09-10-2025
134,David Fowler,fbrown@example.net,Lake Zacharybury,UAE,Regular,18-03-2024
135,Aaron Gomez,qlopez@example.org,Carloshaven,Canada,VIP,26-08-2025
136,Katie Smith,ywilliams@example.com,Juliestad,India,Premium,16-02-2025
137,Nicholas Fuller,dennis58@example.com,Port Kimberly,UAE,Regular,11-11-2025
138,Lynn Cain,baldwinsherry@example.org,Jamesborough,UAE,Regular,21-11-2024
139,Eric Sanders,wking@example.net,West Michael,France,New,25-02-2026
140,Evelyn Martinez,samuel67@example.com,Terrifort,Australia,Premium,03-11-2025
141,Robert Adams,acostachristian@example.net,New Kelly,Germany,Premium,28-07-2025
142,Edward Griffin,cjackson@example.com,Williamsstad,Australia,VIP,22-10-2023
143,Mark Moody,jonesdana@example.com,North Douglas,UK,New,05-05-2025
144,Amanda Jones,michael90@example.net,Lake Shannon,Brazil,New,27-04-2025
145,Billy Taylor,raymond43@example.org,Lake Jacobhaven,India,Regular,11-08-2024
146,Deborah Green,nlewis@example.com,Gonzalezberg,Brazil,Regular,28-08-2024
147,Steven Wallace,cochrantammy@example.com,Jennaside,India,Premium,20-01-2026
148,Sarah Joseph,laurahicks@example.org,Port Dominic,Japan,New,14-02-2025
149,Julian Wood,cherylmiller@example.com,Keyfort,UK,New,13-11-2025
150,Samantha Jones,dawn77@example.net,Davidside,India,Premium,27-01-2025
151,Vincent Reynolds,guerraapril@example.com,East Marcus,Germany,New,01-06-2025
152,Todd Jacobson,kingcynthia@example.net,Davidport,UK,VIP,16-08-2025
153,Martin Vargas,georgeweber@example.net,Meganshire,Japan,New,04-05-2025
154,Angela Fry,debra96@example.net,South Pamelaside,UAE,Regular,16-08-2023
155,Karen Ballard,eevans@example.net,East Scottfort,Japan,New,14-05-2024
156,Charles Hensley,jessica56@example.org,Zacharyville,India,Premium,21-11-2024
157,Derek Wright,williamssonia@example.net,Wrightburgh,Australia,Regular,15-06-2024
158,Michelle Lee,tyronerobertson@example.com,Tylerland,India,Premium,08-12-2025
159,Tracy Lewis,brandon47@example.net,Mitchelltown,Australia,New,02-05-2026
160,Stephen Luna,zdiaz@example.org,West Angela,UAE,Premium,14-01-2026
161,Pamela Ramirez,andersoncolin@example.com,Angelastad,Germany,Premium,20-09-2023
162,Jordan Porter,williamsjennifer@example.com,Hernandezhaven,Australia,VIP,05-10-2025
163,Emily Long,brittney88@example.net,Ericksonport,Australia,Regular,02-12-2023
164,Gary Rodriguez,ysilva@example.net,New Thomasshire,India,VIP,03-12-2024
165,Lauren Jackson,rhernandez@example.org,New Stacyville,Australia,Regular,25-03-2025
166,Jason Gutierrez,roberthampton@example.com,Lake Devinborough,USA,New,26-01-2024
167,Mrs. Jamie Frye DDS,amy49@example.com,East Joshua,UK,New,07-03-2025
168,Vickie Wise,hannahburns@example.com,Annview,UK,VIP,23-05-2024
169,Kimberly Huang,xcardenas@example.org,Bobbyland,Japan,VIP,12-05-2024
170,David Mendoza,marianelson@example.net,Derrickshire,Japan,Regular,15-07-2024
171,Taylor Perez,briangutierrez@example.net,Garciaberg,India,Regular,20-03-2024
172,Tanya Russell,mwoods@example.com,Justinton,UK,Regular,07-07-2023
173,Kenneth Nichols,gentrygregory@example.org,Port Randyfort,Germany,Premium,22-03-2026
174,Shelia Roberts,smithashley@example.org,Justinside,France,Premium,22-01-2024
175,Brandi Gordon,james15@example.org,Wongburgh,USA,New,26-01-2025
176,Edward Craig,gregorychase@example.com,Robertsonland,Germany,Regular,17-07-2023
177,William Woods,adamreyes@example.com,Stephanieport,Germany,Premium,12-09-2024
178,Deborah Ward,bryanwilson@example.com,South Gina,Canada,Regular,30-03-2025
179,Patricia Vaughn,michael33@example.org,Hernandezstad,Germany,VIP,07-04-2026
180,Kaitlin Medina,kathleenbecker@example.net,New Seanstad,UAE,Premium,29-09-2024
181,Amy Kelley,ashleyhernandez@example.com,Wilsonborough,Canada,Premium,25-09-2023
182,Steven Griffin Jr.,williambryant@example.org,Chambersport,UK,VIP,25-08-2025
183,Robert Reese,williamsmelvin@example.org,North Valeriefort,USA,Premium,31-08-2025
184,Randy Cannon,ybrooks@example.com,Bennettside,Germany,VIP,05-08-2023
185,Barbara Haney,urice@example.org,Port Andrewport,Canada,New,24-11-2023
186,Jessica Gray,johnreed@example.com,Lake Kathy,UK,Regular,19-11-2024
187,Lisa Mayer,allencarlos@example.net,South Carlaton,France,Regular,06-08-2023
188,Jeffrey Fernandez,taylorvictoria@example.org,Barbaramouth,Brazil,Premium,25-03-2024
189,Victoria Boyd,dturner@example.net,Lake Erika,Canada,VIP,17-03-2024
190,Gregory Schneider,ufloyd@example.net,Russellport,Germany,New,01-03-2025
191,Kara Atkinson,meredith27@example.org,Faulknerside,Canada,Premium,17-08-2024
192,David Rivera,nielsenmelanie@example.org,North Joseph,USA,Premium,01-02-2025
193,Shelly Lopez,timothybooth@example.com,Susantown,France,New,08-07-2025
194,Patrick Burgess,srocha@example.net,South Rose,Australia,Regular,18-02-2024
195,Jamie Ferguson,kyle58@example.com,Garciafort,Australia,New,25-02-2025
196,Dale Edwards,hartjeffrey@example.org,West Angelashire,Japan,VIP,12-10-2025
197,Christian Rivera,phudson@example.com,Jonathanfort,Japan,New,27-03-2025
198,Katherine Jackson,gary87@example.org,New Arthurland,USA,Regular,25-05-2026
199,Pamela Gutierrez,carloshernandez@example.org,Brooksfort,Australia,Premium,01-05-2026
200,Joseph Jenkins,morenojoshua@example.com,New Lisachester,UAE,New,22-06-2025
201,Ashley Davis,johnharvey@example.com,Josephfurt,USA,Regular,30-11-2025
202,Judy Sanchez,kevinclayton@example.org,North Richardfurt,UAE,VIP,26-09-2023
203,Adam Jackson,pbruce@example.com,New Samanthabury,Germany,New,26-02-2025
204,Stacy Alvarez,glassgabrielle@example.com,East Sarahmouth,France,Regular,18-02-2024
205,Charles Hoover,thickman@example.org,New Mary,France,Premium,19-07-2023
206,Evelyn Campos,krystalnorris@example.org,Brianchester,Australia,Regular,31-08-2024
207,Larry Austin,unovak@example.org,Kristenmouth,France,Regular,12-03-2024
208,Todd Reynolds,nmiller@example.com,Lake Charles,Japan,Premium,20-12-2024
209,Richard Moore,gstewart@example.org,West Seanview,Germany,VIP,20-04-2024
210,Jeffrey Hawkins,fgarcia@example.com,New Carlymouth,India,New,21-10-2023
211,Jason Maxwell,ashleyjackson@example.com,East Joseph,UAE,New,01-02-2026
212,Christopher Hill,todd15@example.com,Lake Colleen,India,New,20-04-2024
213,Brian Torres,ncook@example.com,Scottchester,Japan,New,12-04-2025
214,Valerie Taylor,carrie37@example.com,South Tanya,France,New,10-12-2025
215,Katherine Johnston,markramirez@example.com,Danielshire,France,New,16-05-2024
216,Catherine Saunders MD,nhahn@example.com,Marieland,Japan,Premium,05-02-2024
217,Jennifer Porter,john26@example.com,South Vickifort,Canada,VIP,14-12-2025
218,Tammy Kane,ystephens@example.com,North Kaylastad,France,Premium,30-03-2025
219,Kristine Newman,vrasmussen@example.com,North Coreybury,UAE,New,31-12-2023
220,Lauren Johnston,dbrooks@example.net,West Whitney,France,Regular,11-01-2025
221,Thomas Miller,michaelcooper@example.org,Baileyville,Australia,New,11-12-2024
222,Emma Evans,johnsonmatthew@example.org,Lake John,Canada,VIP,23-10-2024
223,Justin Mullen,laurensoto@example.org,Fosterborough,UAE,New,09-01-2024
224,Aaron Lewis,karen19@example.org,West Mark,Brazil,VIP,05-11-2024
225,Scott Rose,candice96@example.net,West Michaelmouth,Brazil,Premium,14-11-2024
226,Michele Evans,powerslawrence@example.org,Darylstad,Japan,VIP,08-05-2025
227,Jennifer Taylor,fhenderson@example.net,New Garrett,UK,Regular,30-07-2025
228,Ryan Harvey,stephanie72@example.org,Maynardhaven,Australia,New,13-05-2024
229,John Mckinney,fburns@example.net,Port Kathleenport,India,Premium,16-06-2025
230,Dylan Norman,hdunn@example.net,West Kimberlystad,Australia,Premium,06-08-2023
231,Olivia Alexander,veronicagarcia@example.net,West Nancy,Canada,Premium,14-02-2025
232,Scott Miller,rowejoel@example.net,Michellechester,USA,Regular,06-08-2023
233,Daniel Clark,hudsonamanda@example.net,West Tiffany,Canada,VIP,30-12-2023
234,Tiffany Robertson,taylorkaren@example.com,West Michelleberg,UAE,Regular,17-05-2024
235,Charles Morris,kathleenlowe@example.com,New Cynthia,Brazil,VIP,08-08-2025
236,Bernard Norton,powellkara@example.net,Shawnfort,UAE,Premium,19-05-2025
237,Raymond Oconnor,sreid@example.com,Port Amandaborough,France,VIP,24-06-2024
238,Kathleen Morris,matthew92@example.net,Kramerton,France,Premium,27-05-2026
239,Sara Smith,scottsmith@example.com,Lake Regina,UK,Regular,21-08-2023
240,Shannon Mcdowell,penajohn@example.com,North Randy,India,VIP,21-02-2026
241,Cynthia Rios,smiththomas@example.org,New Erin,Canada,Premium,31-05-2024
242,Ruth Mcneil,ebenson@example.org,South Christopher,Japan,VIP,12-07-2023
243,Jacob Evans,wayala@example.org,North Alyssa,USA,Premium,30-11-2025
244,Jessica Bowen,samanthajensen@example.com,North Peggy,India,VIP,11-07-2023
245,Nicholas Bell,iedwards@example.org,Deannabury,UK,VIP,02-12-2023
246,Lisa Maxwell,abbottdominique@example.com,New Catherine,Japan,New,26-02-2025
247,Matthew Bowers,troyrodriguez@example.com,New Pamelatown,Brazil,VIP,24-01-2024
248,Bonnie Valencia,rdiaz@example.org,Bestland,Japan,VIP,16-06-2026
249,Dennis Williams,fryraymond@example.com,Hendersonfurt,UK,VIP,20-07-2023
250,Lisa Ramirez,christian32@example.net,Peterland,Brazil,New,30-09-2023
251,Troy Allen,christopherhamilton@example.com,West Elizabethburgh,Canada,New,05-06-2024
252,Meredith Martin,alexandra42@example.com,Lake Kimberly,Japan,VIP,09-11-2023
253,Patricia Johnson,enelson@example.com,South Spencerstad,Canada,New,21-04-2024
254,Carol Moore,shannonemily@example.org,Lake William,Brazil,Regular,31-08-2023
255,Dana Ruiz,lmora@example.org,Walkerbury,Australia,Premium,19-08-2023
256,Denise Miller,david02@example.org,South Caseymouth,Australia,New,29-09-2024
257,Emily Miller,msmith@example.com,Jodibury,Germany,Regular,04-02-2026
258,Katherine Barton,jessicapayne@example.org,North Sarah,UK,Premium,20-11-2024
259,Makayla Steele,tapiaaaron@example.net,Sweeneyport,Canada,VIP,28-07-2023
260,Cynthia Vasquez,kaufmandouglas@example.com,North Samanthahaven,UK,Premium,23-10-2023
261,Judy Adkins,wagnerdana@example.com,New Ashleychester,India,VIP,26-09-2024
262,Eddie Rosales,vhaynes@example.com,Shawnbury,France,New,26-06-2025
263,Richard Richards,danielcole@example.com,Martinezstad,Japan,VIP,21-09-2023
264,Eric Baker,davislindsey@example.com,East Marymouth,France,Regular,23-05-2026
265,Tracy Foster,byrdjorge@example.org,South Melissaside,Canada,VIP,11-12-2023
266,Joel Lara,davidbrown@example.org,East Madison,France,Regular,28-09-2025
267,Maria Aguilar,samantha10@example.org,Lake Scott,UAE,VIP,12-08-2024
268,Sandra Rivera,dunlapbrent@example.net,Underwoodfurt,Brazil,Regular,20-11-2023
269,Jeffery Gomez,joshuagriffin@example.org,New Christinebury,Germany,New,26-12-2024
270,Dr. John Miller MD,zgonzalez@example.net,Lake Virginia,France,VIP,09-06-2025
271,James Reeves,fstephens@example.com,Paulburgh,Japan,Premium,16-02-2025
272,Alyssa Cochran,brian78@example.com,East Craig,Brazil,Premium,30-07-2023
273,Robert Stark,gallagherstacie@example.net,Kellyburgh,Australia,VIP,20-06-2025
274,Renee Wolfe,warnermichael@example.net,New Stacy,Brazil,Regular,10-01-2024
275,Tracy Weaver,tracydavis@example.org,North Alisha,France,New,03-01-2026
276,Christina Anderson,samantharichard@example.com,North Dylanberg,France,Premium,02-07-2023
277,Shannon Yu,janet69@example.org,Kevinberg,Brazil,Premium,26-10-2025
278,Jessica Fowler,lbanks@example.net,Jeffreyshire,UAE,Regular,04-06-2026
279,Nicholas Phillips,jessicarush@example.net,Rosalesshire,France,Regular,09-12-2025
280,Tammy Ponce,daniellegarcia@example.com,West Julie,India,VIP,06-08-2023
281,Mrs. Stacey Davis,sean43@example.org,West Jonathanville,UK,VIP,18-03-2024
282,Jeffrey Barnes,nicolesnyder@example.com,Amyville,UK,Regular,28-08-2025
283,Laura Chang,franciscojones@example.org,Andrewview,Australia,VIP,25-12-2025
284,Christopher Bennett,paynerachael@example.org,Brookefort,Germany,Premium,09-05-2026
285,Matthew Lawson,gmoore@example.com,East Robert,Brazil,New,11-08-2025
286,Kimberly Guerrero,john06@example.net,Hernandezstad,Germany,VIP,27-02-2025
287,Rodney Weber,bgonzalez@example.org,Lake Kelly,Australia,VIP,06-07-2023
288,Elizabeth Sanders,qjacobson@example.org,Lopezfurt,Australia,Regular,29-09-2023
289,Dennis Marshall,maryelliott@example.org,North Elizabethside,Brazil,Regular,09-08-2024
290,Crystal Brown,acardenas@example.net,Armstrongbury,Japan,Regular,27-09-2024
291,Steven Klein,davidtodd@example.org,East Lindsey,Germany,Premium,04-12-2024
292,William Graham,maryscott@example.net,North Paulfurt,India,Regular,17-11-2023
293,Kelly Stark,buchanancindy@example.net,Rodriguezberg,USA,Premium,25-02-2025
294,Olivia Ayers,hartcraig@example.com,Natalieview,Canada,Regular,11-12-2023
295,Mr. Andrew Hill,christinebecker@example.com,South Pamelamouth,UAE,Premium,24-08-2024
296,John Adams,andrew44@example.com,Garrisonville,Canada,Premium,27-07-2025
297,Eric Manning,joseph69@example.net,East Scottchester,Brazil,Regular,31-05-2026
298,Sharon Nicholson,cameronmckinney@example.com,Port Melissa,UAE,Premium,20-09-2025
299,Corey Whitaker,wrightstephen@example.com,West Micheal,Brazil,New,18-02-2026
300,Thomas Maldonado,nathanwheeler@example.org,Matthewsstad,Germany,Premium,21-11-2024
301,Deanna Rivas,mitchellpaul@example.org,Port Jeffrey,UAE,Regular,12-07-2024
302,Matthew Palmer,wellsdavid@example.org,East Johnnyport,UK,New,04-03-2024
303,Desiree Woodard,stephen37@example.com,Silvatown,India,Regular,20-08-2025
304,Sarah Brooks,kenneth17@example.org,Vanessamouth,Australia,VIP,12-01-2025
305,Michael Stafford,jacob83@example.org,Guerreroberg,France,Premium,30-01-2026
306,Yolanda Green,vsullivan@example.org,West Jessica,India,Premium,29-08-2025
307,Rachel Knox,william28@example.org,Connorberg,India,New,01-03-2024
308,Kristin Gaines,destiny35@example.org,Robertmouth,UAE,Regular,20-09-2025
309,Julie Wilson,delacruzbrandy@example.net,South Pamelahaven,UAE,Regular,11-08-2024
310,Kendra Gutierrez,derrickgonzalez@example.com,Thomasburgh,Germany,VIP,10-11-2023
311,Mr. Christopher Walters,hayesjason@example.org,South Kristen,Germany,Regular,31-10-2025
312,Jeffrey Jordan,ysanford@example.org,New Jamesstad,Japan,New,01-11-2025
313,Nicole Schmidt,rhodescourtney@example.org,Lake Natalie,USA,VIP,07-05-2026
314,Jonathan Torres,colonkenneth@example.com,Lunahaven,Brazil,Regular,07-06-2024
315,Whitney Cooper,mhoward@example.org,Smithbury,France,New,05-07-2024
316,Nicholas Lawrence,daviddawson@example.org,Mcdowellview,Brazil,Premium,05-09-2025
317,Linda Williams,valdezandrew@example.net,South Seanville,France,Premium,23-10-2025
318,Christian Neal,turnerdorothy@example.net,Cindyberg,Japan,New,20-02-2025
319,Kayla Williamson,daniel17@example.org,Port Jose,UAE,VIP,02-10-2024
320,Michael Phillips,kelleyrenee@example.net,Riveratown,Brazil,VIP,24-01-2025
321,Brian Andrews,fhernandez@example.net,Lake Jenniferview,UAE,New,15-07-2023
322,William Baker,garciagregg@example.org,Michaelmouth,Germany,Premium,06-06-2025
323,Samuel Zamora,christianelizabeth@example.org,Michaelmouth,India,New,10-10-2024
324,Nicholas Watson,ian66@example.com,Maryfort,Brazil,Premium,12-05-2026
325,Rebecca Wilson,jarvismegan@example.org,Pruittfort,Brazil,VIP,23-11-2025
326,Catherine James,cheryl27@example.com,South Scottland,Germany,Regular,26-11-2025
327,Michael Gregory,tiffanysantiago@example.com,South Dorothybury,Brazil,New,13-04-2024
328,Margaret Hernandez,smithsarah@example.net,Christianburgh,UK,VIP,10-12-2024
329,David Cordova Jr.,andreagray@example.org,South Seanshire,Canada,New,21-09-2023
330,Jillian Wilson,bmcgee@example.org,Gutierrezside,Australia,New,03-11-2024
331,Rebecca Richmond,pamela83@example.net,Clementsstad,Australia,New,22-02-2025
332,Sarah Rivera,xmoran@example.net,Wilsonbury,Japan,Regular,21-12-2025
333,Mark Marsh,jacqueline02@example.com,Port Jennifer,Japan,Premium,04-07-2023
334,Levi Lopez,ylewis@example.org,Danielchester,India,Premium,30-08-2025
335,Megan Martinez,lellis@example.net,South Adam,France,VIP,21-08-2023
336,Jessica Richards,heatherthompson@example.org,South Dianemouth,Japan,Premium,15-09-2025
337,William Moon,joshuastuart@example.com,Ballardberg,Brazil,VIP,04-01-2025
338,Nicole Evans,jennifer83@example.org,New Jennifer,Brazil,Regular,25-09-2024
339,Brandi Page,williambenson@example.com,Port Michaelfort,India,New,22-07-2025
340,Michelle Craig,natalie60@example.net,North Oscarton,Canada,VIP,31-03-2025
341,Paul Martin,frances20@example.net,Jamesside,Canada,New,04-07-2025
342,Ashley Parrish,juliahoffman@example.org,Heatherton,UAE,New,06-08-2023
343,Tyler Daugherty,tammy00@example.net,Jamesmouth,Brazil,New,11-04-2026
344,Michele Holland,kimberlybrandt@example.com,Thompsonland,France,New,26-12-2025
345,Jose Bennett,qramirez@example.org,New Meghan,Germany,VIP,22-01-2024
346,Timothy Williams,candice94@example.com,Charlesmouth,Australia,New,08-07-2023
347,Kelly Hartman,robertherrera@example.org,Jeffreyborough,Australia,Premium,27-01-2025
348,Edward Clements,wbarajas@example.net,North Elizabethmouth,India,Premium,27-06-2025
349,Tamara Sanchez,flemingmanuel@example.org,Scottport,Germany,Regular,21-03-2024
350,Patricia Robertson,stucker@example.net,West Willie,Japan,Premium,29-07-2023
351,Tyler Medina,simsjason@example.net,Port Gina,Canada,Premium,05-05-2026
352,Ronald Johns,elucas@example.net,North Stephen,Brazil,New,02-01-2026
353,Anthony Bauer,andrewsjeremy@example.com,Hughesfurt,UAE,New,29-06-2024
354,Michael Nichols,avilabrenda@example.net,West Sarahville,India,Premium,18-10-2024
355,Lisa Campbell,qjames@example.org,Moorebury,Australia,Premium,14-05-2024
356,Robert Gardner,kennetheaton@example.net,Susantown,Germany,Premium,28-11-2023
357,Barbara Smith,fmedina@example.com,Lake Judith,Australia,Regular,27-02-2025
358,Taylor York,eugenewalker@example.com,North Howard,Japan,Premium,03-09-2025
359,Sarah Randolph,enewman@example.com,West Coreyshire,Australia,Regular,23-11-2025
360,Carl Rios,mitchellchad@example.org,Toddmouth,USA,New,16-12-2024
361,Kevin Cunningham,lindsey62@example.org,Johnbury,UK,VIP,06-05-2025
362,Destiny Ward,natalie77@example.com,Tonyville,India,Regular,19-08-2025
363,Sarah Trevino,patriciagonzalez@example.net,Lake Charlestown,UAE,New,10-01-2024
364,Robin Riley,rebeccaarnold@example.net,Valdezberg,Brazil,VIP,17-01-2026
365,Raymond Quinn,dennis88@example.org,Coxtown,Brazil,New,05-08-2024
366,Renee Mendez,katherinetaylor@example.org,New Stacy,UK,Regular,26-06-2025
367,Nancy Webb,billy73@example.org,Miketon,Australia,VIP,23-06-2025
368,Rebecca Hughes,ckeith@example.net,Dakotahaven,India,Regular,03-07-2025
369,Patrick Lane,nicholasgray@example.net,New Johnbury,France,VIP,25-05-2025
370,Sean Tucker,aeaton@example.net,South Gabriel,India,Regular,17-01-2025
371,Christine Lopez,carolyn13@example.com,Jenniferfort,UK,Premium,24-09-2023
372,Kevin Holland,cjohnson@example.org,East Crystal,UAE,New,10-07-2025
373,Amy Scott,zacharysullivan@example.net,Lake Jessicaport,India,Premium,13-08-2023
374,Lawrence Ruiz,ajackson@example.net,Port Brandi,India,VIP,04-05-2026
375,Kayla Jackson,sandra99@example.org,South Paul,UAE,Premium,19-10-2025
376,Scott Gordon,mserrano@example.org,South Rachel,Japan,VIP,28-10-2023
377,Kim Goodwin,olsondavid@example.net,Port Erikachester,Brazil,VIP,18-04-2025
378,Andrew Moreno,shawnaolson@example.com,Briannashire,Australia,VIP,23-01-2025
379,John Hall,campbellnancy@example.com,Jacobtown,Australia,Regular,17-10-2023
380,Adam Pena,robert12@example.com,Joseside,UAE,Regular,25-03-2025
381,Donald Becker,robertbowers@example.com,West Angie,Canada,Premium,07-10-2024
382,Laura Schroeder MD,melissahopkins@example.net,South Krista,Australia,Regular,12-12-2024
383,Jordan Hartman,martintamara@example.org,Port Dustinchester,UK,Premium,06-05-2026
384,Jacob Lynch,zarias@example.net,Jenniferton,UK,Regular,06-10-2023
385,Margaret Gonzales,melissagalvan@example.net,Jameshaven,UK,Regular,02-05-2026
386,Christopher Johnson,dianacantrell@example.org,Kimberlystad,France,VIP,16-01-2025
387,Curtis Smith,calhounandrea@example.net,Michaelview,UAE,VIP,04-07-2025
388,Jordan Powell,greenrichard@example.org,New Kellyville,Australia,Regular,05-03-2024
389,Sherri Li,heather69@example.com,Port Matthew,Canada,New,27-11-2025
390,Stephanie Atkins,ewilson@example.com,Lake Jacqueline,Australia,VIP,28-10-2025
391,Harry Nichols,john16@example.net,Charlesburgh,India,Premium,24-11-2025
392,Steven Adams,victorgonzalez@example.net,Port Joseph,Australia,Premium,04-12-2024
393,Sara Kelly,wilsonchristian@example.net,Austinside,France,Regular,08-03-2024
394,Jacqueline Stewart,travis84@example.com,Port Barbara,Japan,Premium,16-05-2026
395,Karen Fernandez,phillip27@example.org,Stewarttown,UK,New,30-08-2023
396,Kevin Nguyen,jacob43@example.com,Mullenmouth,UK,Regular,14-07-2023
397,Mr. Michael Watson PhD,shannon92@example.net,Port Cory,USA,Premium,05-08-2024
398,Jeffrey James,laurenrodgers@example.com,East Robertberg,Australia,New,22-04-2024
399,Kelly Le,jevans@example.net,South Coreyburgh,Brazil,Regular,26-06-2026
400,Karen Soto,qgarner@example.com,Annview,Brazil,New,05-09-2023
401,Gregory Frazier,barbarasantos@example.net,Port Justin,France,New,12-07-2024
402,Patricia Griffin,jamesjustin@example.net,Port Gary,Japan,VIP,21-06-2024
403,Mark Duncan,millermatthew@example.com,Deniseview,Brazil,Regular,02-12-2025
404,Stephen Norman,julie87@example.com,East Melissa,UAE,Regular,24-04-2025
405,David Manning,clarkrandy@example.org,South Amytown,France,New,15-11-2023
406,Whitney Garcia,christopherhuynh@example.com,Jeromeport,UAE,New,23-10-2025
407,Joseph Jackson,alvaradomichelle@example.com,Mcdonaldside,USA,Regular,29-10-2024
408,Brandy Fry,brittanybryant@example.net,Millsside,Canada,Regular,20-04-2026
409,Joshua Ballard,aparker@example.com,West Alex,Australia,Regular,05-06-2024
410,Brandy Mitchell,wattstravis@example.com,Albertchester,UK,VIP,25-01-2025
411,Rebecca Kelley,robertcastro@example.com,East Jennifer,Japan,VIP,21-11-2025
412,Connie Miller,zacharymarsh@example.net,Justinside,Australia,Premium,08-06-2025
413,Scott White,daniel79@example.com,Jackiefort,UAE,VIP,03-12-2025
414,Anthony Nichols,teresacampbell@example.org,Acostabury,Brazil,Regular,23-01-2024
415,Daniel Fisher,dbolton@example.net,West Christopherberg,Brazil,New,08-10-2023
416,Andrea Harrison,paulawright@example.com,North Theresabury,France,New,01-09-2023
417,Danielle Vang,stevenwise@example.net,South Paul,Germany,Regular,26-08-2024
418,Caitlin Chandler,kingdanielle@example.org,Paigeborough,UK,New,19-05-2026
419,Jeffrey Smith,brenda63@example.org,New Kristenfort,France,VIP,01-06-2026
420,Randy Wright,ndavis@example.com,North Michaelberg,Australia,VIP,24-07-2025
421,Beth Hall,linda73@example.org,Howardberg,Japan,Regular,07-08-2025
422,Michael Hansen,llopez@example.net,Mariomouth,Brazil,Regular,01-04-2024
423,Suzanne Spencer,schmidtshannon@example.com,Shawnhaven,Germany,New,28-04-2024
424,Albert Vincent,malikbrown@example.net,Leefort,Germany,Regular,20-08-2024
425,Douglas Ortiz,daniel81@example.org,East Morgan,France,Regular,17-10-2025
426,Mr. Kenneth Huff,sfox@example.net,Brandonbury,Japan,VIP,08-02-2024
427,Timothy Clark,fhebert@example.com,West Angelachester,France,Regular,25-04-2025
428,Amy Jensen,navarromary@example.org,New Colton,Canada,New,18-12-2025
429,Chelsey Fox,ashleymeza@example.net,Reeseshire,UAE,VIP,03-09-2025
430,Maurice Andrade,laurapierce@example.net,Dianeside,Brazil,Regular,27-07-2024
431,Harold Edwards,megan66@example.net,Charleneshire,Canada,New,29-06-2026
432,Joshua Garner,suzanne76@example.org,West Caitlinhaven,Japan,Premium,18-02-2025
433,Abigail Joyce,melissasmith@example.net,Samanthahaven,Australia,VIP,26-11-2023
434,Brittney Johnson,eric45@example.net,East Jonathan,Brazil,Regular,02-03-2025
435,Laura Robinson,cummingslaura@example.org,Petersenshire,USA,Premium,25-05-2024
436,Martin Johnson,dmiller@example.com,Nicholechester,UK,New,15-12-2025
437,Sheila Perez,walterscrystal@example.org,Alicemouth,Japan,Regular,30-09-2024
438,Jonathan Walker,nunezwendy@example.com,East Ryanfurt,Japan,VIP,12-02-2025
439,John Mcgee,zbaker@example.net,Ayalaberg,India,Premium,11-12-2023
440,Mr. James Duncan,johnadams@example.com,Gailshire,India,VIP,13-10-2025
441,Jessica Bailey,melvin04@example.org,Christinamouth,India,Premium,08-10-2023
442,Thomas Hall,eric11@example.net,East Stacyberg,Brazil,New,14-05-2025
443,Alexis Benson,torresthomas@example.com,Lake Amanda,Japan,New,07-02-2026
444,Deanna Webb,heatherbarnett@example.com,West Georgeport,France,VIP,10-02-2024
445,Denise Marshall,jonesdonna@example.net,Michelletown,Brazil,Premium,06-02-2024
446,Jasmine Whitney,mckeetodd@example.net,East Jamesmouth,Brazil,Premium,17-05-2024
447,Amanda Nielsen,matthew62@example.org,Gabriellestad,France,Premium,06-03-2025
448,William Mason,garrettnatasha@example.org,Jeremiahmouth,UAE,Premium,16-05-2025
449,Anita Reyes,robertberry@example.com,Reneemouth,India,New,10-03-2026
450,Matthew Carpenter,michelleparker@example.net,South Wendy,France,New,04-11-2024
451,Timothy Stark,carlos81@example.org,Maryberg,Japan,New,04-06-2026
452,Sheryl Gutierrez,vturner@example.net,Edwinborough,USA,New,05-09-2025
453,Phillip Salazar,catherine93@example.net,East Grace,Australia,VIP,26-10-2023
454,Karen Shaw,xjoseph@example.org,Henryberg,UK,VIP,29-07-2024
455,Jason Novak,stephanie33@example.org,East Saramouth,Japan,VIP,28-12-2023
456,Frederick Ellis II,mparsons@example.net,Cortezfurt,Germany,New,05-02-2026
457,Linda Fox,meyershannon@example.org,New Amanda,Japan,VIP,01-05-2025
458,James Hubbard,leescott@example.com,Stevenchester,Brazil,New,13-06-2026
459,Melissa Mckee,cgallegos@example.org,East Kimberlyside,Canada,Premium,19-05-2024
460,Jerry White,nicoledavis@example.com,Lake Jessica,UAE,VIP,27-11-2023
461,Madison Miller,gacosta@example.net,South Andrea,Canada,VIP,09-10-2023
462,George Savage,fernandothomas@example.net,South Kylemouth,USA,New,19-08-2023
463,Steven Horne,deanjohnny@example.com,Foleyside,Brazil,VIP,13-05-2024
464,Katherine Robinson,cchavez@example.org,East Nicoleview,France,Premium,02-12-2025
465,Samantha Williams,brianbailey@example.org,Lake Belindaport,Brazil,Regular,10-05-2025
466,Brian Chaney,emilycarr@example.net,South Kara,UK,New,28-06-2024
467,Randy Morris,wwilkins@example.com,West Thomasville,India,VIP,30-07-2024
468,Joseph Warren,cherylrodriguez@example.net,South Jenniferport,India,VIP,31-07-2025
469,Debbie Andrews,sara99@example.com,Vasquezburgh,USA,Premium,11-10-2024
470,Dylan Lee,johnsoncolleen@example.org,Port Christina,France,Premium,23-02-2026
471,Gregory Shaffer,alexharris@example.com,Kristyport,India,VIP,28-09-2024
472,Pamela Wilson,matthew99@example.org,East Mark,Australia,New,25-05-2024
473,Sydney Robles,timothyburton@example.net,Stevenchester,UAE,VIP,06-07-2024
474,Joseph Cunningham,angela03@example.net,Laurenstad,India,New,12-04-2026
475,Ryan Morgan,ksims@example.net,Lopezville,Japan,VIP,12-09-2023
476,Michele Edwards,nelsonchristopher@example.org,Shannonport,Germany,VIP,02-02-2026
477,Brian Glover,robinwallace@example.org,Steinberg,Japan,Regular,23-02-2024
478,Morgan Mills,douglas18@example.net,East Jenny,UAE,Regular,26-01-2024
479,Kelly Smith,mcdanielbrooke@example.org,Steventon,Canada,New,16-11-2024
480,Nichole Johnson,danielle35@example.org,West Joshua,Canada,Regular,22-10-2023
481,Bruce Hernandez,danny98@example.net,East Amyside,France,Regular,15-06-2024
482,Michael Campbell,georgecollins@example.com,Williamstown,India,VIP,14-06-2024
483,Ashley Brown,tmyers@example.net,Jensenport,UK,New,28-11-2024
484,Peter Lamb,beltrankatelyn@example.com,North Lisa,USA,Regular,29-06-2024
485,Jesus Cohen,oruiz@example.org,Robertafurt,Germany,Regular,04-04-2026
486,Erin Valencia,shawn01@example.com,West Timothyburgh,Australia,New,18-01-2024
487,Kenneth Romero,yroth@example.org,Angelaland,Germany,VIP,06-05-2024
488,Jennifer Gutierrez,amydickson@example.com,West Jaredshire,UK,Premium,15-11-2025
489,Ms. Gloria Benson,elainemiller@example.net,Wilsonmouth,Japan,VIP,16-10-2024
490,Jeremy Parker,gjones@example.net,Murphyton,UAE,Premium,22-06-2024
491,Stacy Berger,shermandonna@example.com,Petershire,UK,Premium,09-10-2023
492,Shawn Evans,samantha65@example.org,New Valeriefurt,India,VIP,02-11-2024
493,Amy Santana,smithann@example.com,Port Juliantown,UAE,Premium,15-01-2026
494,Jennifer Flores,bsullivan@example.net,Lake Glenn,Brazil,Premium,15-03-2024
495,Sarah Ward,qmoore@example.org,North Charles,Canada,VIP,01-12-2023
496,Katelyn Kim,christophermay@example.com,Englishchester,Australia,VIP,19-07-2023
497,Jeff Wilkins,lkelly@example.com,New Tyronebury,Australia,Regular,14-05-2025
498,Timothy Johnston,goodashley@example.net,Danielfort,Brazil,New,19-08-2025
499,Nicholas Fox,steven18@example.net,East Thomasland,Japan,Premium,20-05-2026
500,Lauren Austin,amanda07@example.com,Berrymouth,India,VIP,20-07-2025
